#IRI                                               ,                                                           sha256
http://sweetontology.net/human                     , 7738d400ad477761d1dfded6778561fde6df6348171c203a5541ce7d8323abba
http://sweetontology.net/humanAgriculture          , 5ae8dda0fc9244da404ceab05858a8ec5bb198563eab9d8e62a9ab534856b915
http://sweetontology.net/humanCommerce             , 1cc90e0d4645240d3a719d12f80d40e7fd7128218f945de4bdb98186b7171814
http://sweetontology.net/humanDecision             , abe6f30bd55f2688ff08f352dcc1298e2cb9f7791329d4fc5bccb3677ad011a6
http://sweetontology.net/humanEnvirAssessment      , 23d31b85d921c09764f416c927ea87b7ed5c69a46b48dd99e7109d5227ef94e0
http://sweetontology.net/humanEnvirConservation    , d4f33a1386eb4f948138a688043ad91ac617f3774cdac4c38146ba5aa172e919
http://sweetontology.net/humanEnvirControl         , 68d9267ac63cb4ff389c1b952df0741041945d485add597d2d17093491cb2bfe
http://sweetontology.net/humanEnvirStandards       , 57d02a68810ea06d8bbf4e8170ddbab147da7da1c918c761fc5084ae58601fef
http://sweetontology.net/humanJurisdiction         , cc5688995ce6f0f5ad75574a240007989a1d9e5af35422e71da49f9a18d8600d
http://sweetontology.net/humanKnowledgeDomain      , 19bb79c7eb687aee7a9e9d876ee5ce0c47975875afc1bcd5b8e40f739e642072
http://sweetontology.net/humanResearch             , 75c84cc82e3b2e7b200fdedbc1b412b2f9b5e425143dd089f63c655fd7c8802c
http://sweetontology.net/humanTechReadiness        , 37d29f73b7715171567b9851d7ecbbc023272ac8e2fa6b6e380f57c78087273a
http://sweetontology.net/humanTransportation       , 2849729feee50a43321f8d5875a5834954861cb165b0b75664f522b0c88619f1
http://sweetontology.net/matr                      , 6abb2db4567c26be9a2f95dbb9577e1a0451cd88f0caf999d9836b4d3863e8ad
http://sweetontology.net/matrAerosol               , 2d49f7942418ba18508e33bba2fc1a28d152203e7f3554999eeefc5127ab11fc
http://sweetontology.net/matrAnimal                , 9c2b7aff0a857e82c920aab965fe98e29b5e5e59cd5713a1d9783f7eb9b0e899
http://sweetontology.net/matrBiomass               , 4c900768a10906e43bdf36abdaf50f9e4782348d8a0dbb8bf5b537f5cc1f5adb
http://sweetontology.net/matrCompound              , b1f5fdc0901f9d80239ea5ea50d503ff0c1e18c236dce7c091deb3fd0813b5b2
http://sweetontology.net/matrElement               , 79b40856812541a2ae46803257e53d1afa291db8f5c7f9dbe1d31c7980578af9
http://sweetontology.net/matrElementalMolecule     , ee6ce372513a2c65535aa1e0a527f9162141ee1128230d1701067a13557d446e
http://sweetontology.net/matrEnergy                , 34e45729d9e5a2ce2f0ae782caeeb82ddba8b20b329f38bea52d6886c667f7d8
http://sweetontology.net/matrEquipment             , 45cac34ca7dd34daf5a0622d17980552b3f8f4f6bf7584523f179a68a534af97
http://sweetontology.net/matrFacility              , 9f6f8ff3ec2a17bab24cc24715a4c211b29ef3fef80f8bf1b1406b642a2eaf22
http://sweetontology.net/matrIndustrial            , c7cc4d1cfc32ff9b38fdc1a3bc39fbe1138510e24fd08a9e298bf93431c74909
http://sweetontology.net/matrInstrument            , 14d29255d9bb683a22742d65cf3a02d57db5cfdd5edddbad844f637626140201
http://sweetontology.net/matrIon                   , 53acf8e565ba0dc154762f35fd51cce42e3fef468925fbab9a35986e17e97800
http://sweetontology.net/matrIsotope               , ccaa499231d5aa79ff34d976ce5f0afcc267e4089ae277f6f0b32a6f4476050b
http://sweetontology.net/matrMicrobiota            , d5fef7f97293a31da8f7211d0485b527f93101e68d398f88484592e7669075b9
http://sweetontology.net/matrMineral               , 097b2790b9f3fcd860b5a8311eaf239df6e38702e95d360428da2002fe5e92f3
http://sweetontology.net/matrNaturalResource       , 64e77cdabdecd0e2a3391e298ea66bdc4e87c4e2dde32c0af71ebf7e0d3576f9
http://sweetontology.net/matrOrganicCompound       , afd7737870b34be6c68b2449b2500eca32e97f262ae58080f52aa186fa991203
http://sweetontology.net/matrParticle              , 819b185377e2e4614de32e22032974a59093ce45c075162534a2fcbad01cc4ac
http://sweetontology.net/matrPlant                 , 3187d556fbf8ea44bf6c38c88366fabe5773268d3270a6a71a9b80fb88c647a5
http://sweetontology.net/matrRock                  , 220ea648bff0b6ea832ad3cffe143060c2f554e8470178cf97e64ee23229bd0c
http://sweetontology.net/matrRockIgneous           , fa16ab1ead1afcbec62ae8a80aa51e676c240d85fad45448ae86343144632a37
http://sweetontology.net/matrSediment              , 15d83d95aee1562b8590c35773a9d38759c7ad3efc8951bcd5136d04c7200a9f
http://sweetontology.net/matrWater                 , e7e79904cd56a16a45d516b6f1b0204b76564215c9514980ae769ff2ba9bedaa
http://sweetontology.net/phen                      , 95fb2a0123b3fe8bf5f11d7e15204a13fb0c75b890fa73fca23142a7580cfc1d
http://sweetontology.net/phenAtmo                  , c145e4ebccb8cf0f9cdf3cac705027f4eb35a81b682e060b8c130348c56cf0e2
http://sweetontology.net/phenAtmoCloud             , ad3af64b37274e8d3dc8df1677a78291b437f2f66536cefde1f741d68e2f023e
http://sweetontology.net/phenAtmoFog               , 68bfa356a41f484cad784c8154b3393b7a2925d80e506e3d705783ead9c6b272
http://sweetontology.net/phenAtmoFront             , f09d23b30e73525400126a7f47599d6e8ef3a7f0fe2526436250825397ce8d65
http://sweetontology.net/phenAtmoLightning         , bb17c8559f00317efbd11b9b11d0a883e6f1181a2c860a4446083a973af625cd
http://sweetontology.net/phenAtmoPrecipitation     , ca915785d78185c70bf4fffa4d6ce19144d6069b878a9b94af73490e50f199cd
http://sweetontology.net/phenAtmoPressure          , 847fafff29fc84f9544a38484a5c0ab03e39b04b16ce719170bf3222d5203106
http://sweetontology.net/phenAtmoSky               , aa5ce62a7ca5345dfc6656dc5900f988c5cafe4b2e593838b95ed6d8a601e1f0
http://sweetontology.net/phenAtmoTransport         , 68983912d058b129179053c4f544c67cc35f5fcfd2ab4be26a70a883f82017ec
http://sweetontology.net/phenAtmoWind              , 6e6c07cbe40a2ac2054387ce5ab5003a59cad6d02e635885540bc1b95d51ec31
http://sweetontology.net/phenAtmoWindMesoscale     , 0adfa1684019145e2d67b854238b9b1a042d4e31324c9f058cac0e853805c409
http://sweetontology.net/phenBiol                  , 43b29862831eb6e69c4c9ac087be467145930e042c75fd2477004525df9d710f
http://sweetontology.net/phenCryo                  , 3821a76c6831ebe6ee5a58ad118287fb037aae9072e841527c3c104bccee772c
http://sweetontology.net/phenCycle                 , c08eb211efdf3e59436274faa4f1c4ab2a92e5009a41320e123ade576d6266e1
http://sweetontology.net/phenCycleMaterial         , ea1d53b946537902c9b67be371756b3a68b6484e260cc28ae337b9c8db143fbc
http://sweetontology.net/phenEcology               , 0fdd479e8b35ca2a72c26a0661fb50ec64abe3ba1432aaa2c4d94dc1f940fa25
http://sweetontology.net/phenElecMag               , f784ec5bb59fc025c80fe3f3f7710af501dff4654fb027fd842d3c87fdcdc1d0
http://sweetontology.net/phenEnergy                , 017a04696c67d6ec2123d707eb926a98f81c1a0cfc6a7da01ba4a10dc754836e
http://sweetontology.net/phenEnvirImpact           , 08fc6f36b67a8ae0dfd8d891f8f74f137355106af0b9f8f961e97cb57f5b93e5
http://sweetontology.net/phenFluidDynamics         , a51eea593d6660ef048406644eadcb5d0bb9ac74f316653542278745fa096b03
http://sweetontology.net/phenFluidInstability      , b626fd078dbb8550b1af7a16a8e7ad2d9697ff37cffbe1ef5e5e0d32a8a647d1
http://sweetontology.net/phenFluidTransport        , 1c48ecc20c36a9bf9ff3b67bdb13d27b47cd3a46f83d80ff07f31ad02d57569c
http://sweetontology.net/phenGeol                  , 3cff4e7171a3285950471acc0dc6a4d051c85b8fd61ecb67930f97197bfcdac2
http://sweetontology.net/phenGeolFault             , e9a957868254a29b42723484697f03b41ce22eb971a51d13360df8ff98c9ff13
http://sweetontology.net/phenGeolGeomorphology     , 89bd614ec4f9dac8355b69e0cb57da7335d5c9c99e3a84f736368ba2822538d4
http://sweetontology.net/phenGeolSeismicity        , c7f03a3688e5af03b733a1f1ad19e5deca25dbb764540e1d61510264df80c375
http://sweetontology.net/phenGeolTectonic          , 20987302201c1215f56268476bd63869be1849a94bfd15205eb939aba074e536
http://sweetontology.net/phenGeolVolcano           , 79ba6cf61c6848f2d3f966a7e40c3aae8a58178fe335812b3d5459751f6bf335
http://sweetontology.net/phenHelio                 , 717482937aeb486b0f8524077d829629cab4df4323606d111b8d1bc1e2f3047b
http://sweetontology.net/phenHydro                 , 8ad8ee0de764c424699b3f9f27076b6bf06456d1c70fac7337f4338af735d4aa
http://sweetontology.net/phenMixing                , a171923647b2b48c6a2577c132eeb717d7d7f432ba467c4e9ddd3256e65df2be
http://sweetontology.net/phenOcean                 , e2811b4f9280707ea5b08b917671b3303206e6efa8b132bd36efe41d9c20b5d5
http://sweetontology.net/phenOceanCoastal          , 91b4b0bebe4466b7dd33fc4dadc98435bed05bc241fbe3e501dc5202a4cb6347
http://sweetontology.net/phenOceanDynamics         , 17e5ab2469182a38e48e5966cced06242f624c3a211d0ab557c02df96a3291f0
http://sweetontology.net/phenPlanetClimate         , c952808b7d28ebf0d16342fbeb7a005820984b9e74bd5ab55892ed2405fb31a6
http://sweetontology.net/phenReaction              , a059442e83166ebb8967d9448c8a96fe72605880429081eb6b471d4b81746079
http://sweetontology.net/phenSolid                 , ae9741dd0f56106ca0e4673c4e28801939e126a70f709dd7e754516c8a473723
http://sweetontology.net/phenStar                  , 2c5c6d91038d64baeabc900e703be3ffb3908aeaf854b4c15a51818e38d45bfd
http://sweetontology.net/phenSystem                , 3cd6c785679bfe5714ff8fd83b0dc1eb837d1305f3490f3afe1cee38395222e9
http://sweetontology.net/phenSystemComplexity      , 9aecceeee7fedb2070c67e3dc8ece2ac9d613aeb8243aebcbd69183b48d067a1
http://sweetontology.net/phenWave                  , 830ec2e761c00d8a8422534ba135f7a2c986cd366475f87714d24e09f72a37cd
http://sweetontology.net/phenWaveNoise             , 6a539a5e6230843ce61ce5ad4cb30cdfbc90f1fc28d7e9bb5208d7324f9dfda8
http://sweetontology.net/proc                      , b561050e13cf6c4d96676a4c79c437be0cf84afa7adc2be9f8146f7da3d5b189
http://sweetontology.net/procChemical              , 992172d68e1aa41b357be7af848afa648685b01309411cd50379142a2e88c583
http://sweetontology.net/procPhysical              , 259d4d44ac46865aa0c1d4a7ea0ff402e6be388a309f02511fc6d43e4a12cc46
http://sweetontology.net/procStateChange           , 4e48dcec3beebb3cf5cd914884e0dc1552f457390e8b0f3ae1ba224658516257
http://sweetontology.net/procWave                  , 66343ca684cbd59f3795af58db762ea034b73c3a1beebe2457ca776054b84f4b
http://sweetontology.net/prop                      , 15b4f8de2cf21c8ef5d0980b231a486600cad40dfc6f43ada1efaae3b0e5a2ff
http://sweetontology.net/propBinary                , 3f21012720a1ab0bf503e068f1fad732f72fadb416a3bd8ed9967fdb86733219
http://sweetontology.net/propCapacity              , 2b83069f3d87282542a2ef55288ce0ebfa15f3d7a73c38e1fd93fe6c57a2165a
http://sweetontology.net/propCategorical           , 7d01f63895dc4080a9e95f1a6fd43bf60c087bbc21ba5f817405e1f50d094f92
http://sweetontology.net/propCharge                , dcffce6fdd6fd4a94ef9d37d0f9123e6caf760e948962ca59a612cfc68ce031d
http://sweetontology.net/propChemical              , 4326c0877e5a89c414874d652b0132b27bbccc3c4754f887be2348913de9b54e
http://sweetontology.net/propConductivity          , 2833d783524f8fdbc1970009e7b4e195e4d538c1ec68fd14eab7f1ba338aa21c
http://sweetontology.net/propCount                 , e4d20c0f3df03ab7777d55524c459934d246f37d06c4159c9eb69d9918ad45db
http://sweetontology.net/propDifference            , 86285ee5f4b647e5c50e6ac1f0390f802976575000bc6d84e59b971b7db9a9be
http://sweetontology.net/propDiffusivity           , e86def85f1cf799739c5ab95466a62bc884a240d9d72ac2f091ff6041edf39f3
http://sweetontology.net/propDimensionlessRatio    , 0d80aa627155d7d9f76478fb83cb2056acfa09c7ed168939e08dc03726cff925
http://sweetontology.net/propEnergy                , 7dc1af87209a4322c1b04750303e9a6ad6ca9ef169cfbb28fdc1342afac5b5ae
http://sweetontology.net/propEnergyFlux            , a2eebc4da2ee093d8b8aabea42dd40b5d20cfae4b7ecd45f5fa79ef804ad74cb
http://sweetontology.net/propFraction              , 49061f15b26d9f6b7e6bc0e4d0ff87af0074dba8d6d53ea31d2aa956a25cefe9
http://sweetontology.net/propFunction              , 85d976060547c4d91f0284de35e2afec1fd3e4e90eb5b5268a1db63fb25c2d81
http://sweetontology.net/propIndex                 , b94d59d7ed725ae10ba45b659fe7e2cabcf5f85be7a7e7127574a85b5c5cc00f
http://sweetontology.net/propMass                  , e93b43de1f4e7a627364ab116084e234142601f443bcfa09398ea4a30b9affc6
http://sweetontology.net/propMassFlux              , 8757c704d76aa824c1359ee08cf9373873171a157040c924d81bf4b7a4defe4c
http://sweetontology.net/propOrdinal               , 17c383d0823fbc51927fda10f92edcb848ef8697da442141c9e02085a4519439
http://sweetontology.net/propPressure              , cab1686060e456ccefafb9851f67988e9dfe0be0d966b0a511b46351ec1241f3
http://sweetontology.net/propQuantity              , 096fbc99da3658a38d544f4b23fc5dba65df07b39b8a5189a5830ae0d16d4a9e
http://sweetontology.net/propRotation              , fa348261a88aa35bf6ea16c02e378cd3172f2775ec2720c6c91e346511fd8901
http://sweetontology.net/propSpace                 , c89a9895964b65150940b6bd02a48b38a9a6f349d89c2b071352c35df89f1c86
http://sweetontology.net/propSpaceDirection        , d3c5c7cdb5933026bb73d59e9165b5d6053cb86f2c2bda7d9abc13ec8a7b52b0
http://sweetontology.net/propSpaceDistance         , 055d881fca013594c06c1e55d007a2b9d9ced981289a45f035e1ea424c29516d
http://sweetontology.net/propSpaceHeight           , 57d35ed1b638e3178f896b70df178924a2b1a373099b6be444c764de8e68391b
http://sweetontology.net/propSpaceLocation         , 92ba5b89bd77209822d60ed9c4863bbce64025310164b5f314f7b1464aa56c82
http://sweetontology.net/propSpaceMultidimensional , 0a949a671f9a1ff37a724ef155fba6ff82a95a5b7388cee0a41a44959b64aed7
http://sweetontology.net/propSpaceThickness        , 5767b53acf0439dff6a6077ae44c911a49e40377529649ea5c5764a7c734b788
http://sweetontology.net/propSpeed                 , cee3898254b4643e859bdb441c5b3425266831691712ec614af69ff27ce79fe5
http://sweetontology.net/propTemperature           , 0b0f110b48dbdc2c6ea211add86fbdbdb321e260f3e74e12325e1a930acdc754
http://sweetontology.net/propTemperatureGradient   , 4bd007e2c762d54ee7762fa74b5d3d004d05956dd85492509848cf0fbcf405b6
http://sweetontology.net/propTime                  , 08cf99078667a76fe04c668ce581de65369311787e4e6deb83864079edbfe15c
http://sweetontology.net/propTimeFrequency         , 175e9bc71a3addcc130e2fd31f946cf7f50bf379f162c40a7f8773bffe391c5b
http://sweetontology.net/realm                     , 4ada23297f56041ad3cb52b047d4ffc83d700ec07ae0eb7b3b748c93a9c6064d
http://sweetontology.net/realmAstroBody            , 17422bd0f67b5e2297f2e78b490d8924399bdd61a347605e964685f63fd40eb2
http://sweetontology.net/realmAstroHelio           , 0d903c33c7d3c4f3710dc275cc8411385e49ddda6467ca9224143b43c0fedb98
http://sweetontology.net/realmAstroStar            , 95fd2dc1ffbca18e30c5391ddc2de791edccc6fd9be20c478b1e63a949c325fd
http://sweetontology.net/realmAtmo                 , 474450cffb64581bb2ae1ef39a26a72fc65932cc0a5f390e7c40eb19818d8717
http://sweetontology.net/realmAtmoBoundaryLayer    , 6ff0c72c918bc0118a0c205b3af168b83f512ea4c6139b99c80ebc8957f77ccd
http://sweetontology.net/realmAtmoWeather          , c14b6be7964e4e655c3d892ec0d52a364a8f93858282e077a1369d8f43a499c5
http://sweetontology.net/realmBiolBiome            , e37b1cc09e6e5a2a0cae0a24b2cf7a1a6ce68ba9dbe1ba9f7ad0c817e3dceed5
http://sweetontology.net/realmClimateZone          , 92a4d10e6d4fe95dfd64cbd8de9748884f2d60d2572343a6fe016a981cc9a3b1
http://sweetontology.net/realmCryo                 , 8e3cfdf3f6c1c7f3d7e2b9e23e9df9fb338b53a67722c602c9d14fdee81fdaee
http://sweetontology.net/realmEarthReference       , f967ea85385eaac8cf64e32b589c09577b1ac31ede6c70d221632f21172d530d
http://sweetontology.net/realmGeol                 , c57b6e4d475f500571a1870e357842ccc6792ba88cbd37983361ec961fe33f22
http://sweetontology.net/realmGeolBasin            , a90a24a67567d5ebd36de2dfd2ab9b1df93065c39ee261a04213b991bae850e7
http://sweetontology.net/realmGeolConstituent      , 29436b0f8bf37391b1605bdc772aad55c44f989b776af47a6e0e2e35e00a171e
http://sweetontology.net/realmGeolContinental      , b764580eb63e2f2ad7c2f764207bee186c8ce31348f4d8ec8a4f0940ab0f486c
http://sweetontology.net/realmGeolOceanic          , 9f79dafcd7bedaddfb56dcd48f0ed6b5bbe6058274db2c01404a412f16563918
http://sweetontology.net/realmGeolOrogen           , e3f04e3774a23de52990b7b9b676d5314ea028f7335172bc6839c6f1b50a391e
http://sweetontology.net/realmHydro                , cbefc108b1dcc8fbae38db9d43d897b4e07ab401be576be691b54ae85adc8009
http://sweetontology.net/realmHydroBody            , 3002ee7122a86a3e726d2fef2aa813763942833a16f3ba6e4454f1aec65c745b
http://sweetontology.net/realmLandAeolian          , 8e1bc2ef42abbe8fb1c4ade2c706ee55961ddf0fe7ba93985a8dd7b5a43237c5
http://sweetontology.net/realmLandCoastal          , f001ec3b551479e1c25b755329b9d32dc63ff41a23077cad28499964e84e8431
http://sweetontology.net/realmLandFluvial          , b06e622334d72031d5d909649a3a6aedc129395af77432bd8a7376c8e00982dc
http://sweetontology.net/realmLandGlacial          , ca7e3b92ec55e988f6b2fc21c96334a656436aebab152fa06afb185e1080bacd
http://sweetontology.net/realmLandOrographic       , 17bce29cdbf9345ff0b026ba8b2aee0587a2e17c131652e0769cc5b3acbfe10f
http://sweetontology.net/realmLandProtected        , e56a4d6d21adc753fb499e1537bba79082f8d5e10df0ac6ed30161716e81f8a7
http://sweetontology.net/realmLandTectonic         , 7c1db8d25979a94a6e392cc843d2d7893e847296b9bc04d73ca5bac8485587a9
http://sweetontology.net/realmLandVolcanic         , 6ed462eac487525963c2b06c0cbee02d15ee508da4c7bffd6d04271c98b7721d
http://sweetontology.net/realmLandform             , 232ce1f72a8ee5b3fdb8042bea3e551825a864044cefd3014a621d99dfeff454
http://sweetontology.net/realmOcean                , f142dc42184f9fcee20ab11ea853356d9f93c48319b927f1be71df245de47475
http://sweetontology.net/realmOceanFeature         , 79d49753eff50e4d61d59be5a85b7685223e677826d03b98d8880c0e5f6d6261
http://sweetontology.net/realmOceanFloor           , 860981f6e45346dcbdd079b7d995f8c24e56459527bb0aa8bcfdeb7e1bb523ed
http://sweetontology.net/realmRegion               , da8924f6b492c305f05a002479f569aa368d8f39facbe90eef05a07b842e91e6
http://sweetontology.net/realmSoil                 , 118d34ae02edf0ff860282830f0802ce9bbf013b3e82318b35d406af99b7aab3
http://sweetontology.net/rela                      , 7d30c97342590b48192e5860f1447a5045373a0580f41cb96e0c22caec10b532
http://sweetontology.net/relaChemical              , 6cb974863549f6c0731fc2918f8ab77cc5fe620acd60cae76c511c2bec9ec1ea
http://sweetontology.net/relaClimate               , 54d5b9d44a9ff4a8bc106d5944c62faaf1ae75a99922c448102eeee86dc20773
http://sweetontology.net/relaHuman                 , 78df832a2af838c759cde9f9c089d508606b337e79a6d51a29ed020ba7a78e03
http://sweetontology.net/relaMath                  , 11688e8c71f1a0b81ce62a08a2a2006a3f6e7ab1eedf1ce0a0e022eebcdf9078
http://sweetontology.net/relaPhysical              , 7feb23a176ed3405f23476194c4c2a5a2f9bfb22724a63de4513b373658cce29
http://sweetontology.net/relaProvenance            , 629fe040caa19845383214fa7f08ee6649b86a15e297a1a31d9e65d86f74368c
http://sweetontology.net/relaSci                   , 7d4cb3d197417abd682cfe936b9ea92d315b2fc4fc1d9216c73b2b8e5facd82b
http://sweetontology.net/relaSpace                 , 9aa0be97c34c114905db115a239222164703dac133dc2c5d4c5f7c403682ff1f
http://sweetontology.net/relaTime                  , b85207109e4055fa6ad8060756c3ac9ef57c53feadfa770cdb5c8d0cc5e8a933
http://sweetontology.net/repr                      , 298e305e6321f1c1cbb78a6747dea209326a7d0c43cbbd303ee650b47a8623b6
http://sweetontology.net/reprDataFormat            , a30a6ba25db58684070c69e78af1ad93db4af12077a3b9477169c6b4791a7617
http://sweetontology.net/reprDataModel             , 3cb5c794349a9826695ed651a52cdfd78b7bbb20ac7e1427061a3bb866951a2a
http://sweetontology.net/reprDataProduct           , c7fd44b6cf0aee37009e5bbbd97a681d0e723c9a677892fb56152a9f8a166cd9
http://sweetontology.net/reprDataService           , 451cdd0e21deffbf24a6b6a96a903c457b563cf2126a0c483cd41ae1c5f4a42c
http://sweetontology.net/reprDataServiceAnalysis   , fd2b5772173b2db7bc0da6975236fefc812fc83f5db2721d71ce9aa522e2a03c
http://sweetontology.net/reprDataServiceGeospatial , 4c6bb6160e20967c13f206609f1dd698e7b1038769c8006cfb32ca4d29316162
http://sweetontology.net/reprDataServiceReduction  , 498685c09799aa7b7a74a4d3eef0f76423a7400e1b88ea6b248c9ae52685cf08
http://sweetontology.net/reprDataServiceValidation , 7cd3f4c03f8241f74a20eeb3871721c781e0375f067b61551b6c70d9efe93bb7
http://sweetontology.net/reprMath                  , d0728584d65392ed4733c4473929e17be6ac1cd966c0f44f43b644cbfecbddd5
http://sweetontology.net/reprMathFunction          , 2a41ec5c6b4b0b1436450d04784c5df9bbac1babe11ed511b6f0744c848a723b
http://sweetontology.net/reprMathFunctionOrthogonal, 260c5b11f737286f95822d49c250c29e8617580659aaab0e6c295ff1116aa7eb
http://sweetontology.net/reprMathGraph             , 20b820d27128a08df98e5d318b07b334d2a928b4e0b296904b12d0d103de146c
http://sweetontology.net/reprMathOperation         , 5599c7a7565707c4bc66f33d75b7a95bd4e60ae9a082ad41d2ac575bc7e23a7b
http://sweetontology.net/reprMathSolution          , af929e0016c7e1ccaf164a66ada9edf18301ca5b91d90276c8c170c213a55be5
http://sweetontology.net/reprMathStatistics        , 0e91ecc86fd4861e54139c8b94aa2484a7e2de1cecb5e7f0655e3f348baa37c3
http://sweetontology.net/reprSciComponent          , 86b206884143b76d0b2798b155e2ce25820471450d00a3b328df9e8b548adf3a
http://sweetontology.net/reprSciFunction           , e7fa98e6d8de967501bb70bafd8d8e8ec13498dfa7c26813a1365a98fcac5bf2
http://sweetontology.net/reprSciLaw                , 91fe7db9be2b691bb1de12381bfb6affe3f03b762e1ce3a44cf48a41c2c12bd8
http://sweetontology.net/reprSciMethodology        , e37561b36d59b04da76309132e87c5b1799274d46a6a4c9de083ce69369108fa
http://sweetontology.net/reprSciModel              , 23d361b6feec6beb6cf1f029a8e787f91eb864edb7040c5111fce5ca9925acee
http://sweetontology.net/reprSciProvenance         , 27c0e30014137e60ac09906a8c5cae82336e2d147ab826dbfc71a88d501d07aa
http://sweetontology.net/reprSciUnits              , 7a723eab1e7ad10a10c470b68ede0e2e8a2029b266c2eaafd327a0a5c71baf68
http://sweetontology.net/reprSpace                 , 03543a3d1e21572d73a97535b47b2c7a45fbbd2ef8c5639e8672c2c86333d59c
http://sweetontology.net/reprSpaceCoordinate       , ff2248eddd47d5de16f27ca93473bc4e80029627eee22d0eceb5887dd4d08b74
http://sweetontology.net/reprSpaceDirection        , 7abb92ace484a5dd4a9bd40b2589c4a3746016f71ed5a3dd43d0dbece4eee385
http://sweetontology.net/reprSpaceGeometry         , 7bfdfef03488e8dadc5c8cea13313914afd2a418ce743fae2a35b9348ce5f467
http://sweetontology.net/reprSpaceGeometry3D       , b235a292aadc73514326d73abbff39dc68160924d97794255e6df98d03d69c03
http://sweetontology.net/reprSpaceReferenceSystem  , 43fce8fcf76af0e7af477cff5ba18333882871a7e677fa17b6c008f9c5b5f654
http://sweetontology.net/reprTime                  , 18f594323c4d896ecaf1542574f9a6e68bad8f32e1f8b2dd3517c974995b467a
http://sweetontology.net/reprTimeDay               , 6e325949da10462f9efc917313d9798c34e6c247c5b39eb1596e9a45168b45f4
http://sweetontology.net/reprTimeSeason            , c3db761a7a44559db025f17dbc899cf930c82899b33f5da0ddf1955277a58b40
http://sweetontology.net/state                     , 4c2e605015574eb65a8cb12af702bb624384a368cb3833bea54d89d990df440e
http://sweetontology.net/stateBiological           , 2398c4bff07ff482dfd303d4d98ad31b944aa67c29acdedef7cb635d6778416f
http://sweetontology.net/stateChemical             , aa317f8d52381e1a7234d67b23c412bea2c404d43182067e7f646cf25a17fcc1
http://sweetontology.net/stateDataProcessing       , a7668ae3ff626e0aa23b9e50258d4f8c7eb9b1dc8db9078938b625992de83c64
http://sweetontology.net/stateEnergyFlux           , 40a5077d7657cd2cafacae3425a28f410a44f975a5cc88e24d80670d108672b3
http://sweetontology.net/stateFluid                , 43f2cc1a9cae0dc95afcccd2ef3c93d1785107990a64e00e3139da2de84df384
http://sweetontology.net/stateOrdinal              , 656756ab4102f20e26b26a2e63343e1b8e4c0e7ae0917451eb3f2085838c05c2
http://sweetontology.net/statePhysical             , 143417dcd72f2d77f1b67d15a82656206d1c1e22f3493e58631b7093c4738e03
http://sweetontology.net/stateRealm                , d345fbf6ee2561ee5605921483971187af266d5284097834c1b40d6b48e6f926
http://sweetontology.net/stateRole                 , 7b9774d37b9b1336676b2288a64c752b34ef98cbb2a1ca9d87ce75981db972f4
http://sweetontology.net/stateRoleBiological       , 9756519bbab5fe0ae229f966213e98def9dba65cd50e6f526c41ace768ed65bd
http://sweetontology.net/stateRoleChemical         , 930974534d5655c767c708d638a737759aeaf1690a4ba408ea44ee9b968d8dee
http://sweetontology.net/stateRoleGeographic       , f829be4da76617c0cfa91216f39ef1be6788dbe997f0e698de94355b3bb1ad2c
http://sweetontology.net/stateRoleImpact           , 1a2f79c7387fbca438d161b061fab11221e92593535b0ca6d3d11b2bdab158dd
http://sweetontology.net/stateRoleRepresentative   , 1cfa95046ee05047f452906492f1362766bdb5a4b91c297711831015f22f99c2
http://sweetontology.net/stateRoleTrust            , 4078a63c7bc1915350a25a7cae10da5dc7a46d999fcdf4d7bbbb53867a09bb96
http://sweetontology.net/stateSolid                , ef5f6e46656829e576c21bd42078b000800e436b0830c2313dab5e7ccfdf001e
http://sweetontology.net/stateSpace                , 5a49764eb06bb822a360d53ad020ee8971142adfc833f1b397f6718caf58c346
http://sweetontology.net/stateSpaceConfiguration   , f7ee32dfab5dc45cf1cb09617587d624290109729da12709bc474f86b6784aa1
http://sweetontology.net/stateSpaceScale           , 98be9affc46d6cdfdd259bbee454046c91365625c431fccdb8dffbcc206253cf
http://sweetontology.net/stateSpectralBand         , a42f829e940587b9fe3dc359a63b211f3bccaca570dcafd6b902086be5f1ab94
http://sweetontology.net/stateSpectralLine         , 5ba4e368058638a4fe2e4cf37eb3ded044a31adef2915e92b3f9ab8bda93a8dd
http://sweetontology.net/stateStorm                , 1cbb24ce87b4b8bc2eb5796dfd750199146f0ba5063f869bd3ce71cd96bf0e8b
http://sweetontology.net/stateSystem               , d65669d6174db1269a3284895c2309c23d2ab6ead3c39aec4eed338cce3ab231
http://sweetontology.net/stateThermodynamic        , 838a8496989e6a41e2ed60f0a6589b4c17e7c289f7d9a0438ab31d50d32ee94a
http://sweetontology.net/stateTime                 , 8a154170210fe723736a5068c9138a3fafdc014130f7501fe2c489648df4c8e7
http://sweetontology.net/stateTimeCycle            , 3ec4e1448473427cdb6a29c242a044d8899dfac3e5bf679c0d92daf1764ccaee
http://sweetontology.net/stateTimeFrequency        , f79a4425b7fd3830c1963a3007c90608d4d9095cdfca758b179429e6b8aadfa2
http://sweetontology.net/stateTimeGeologic         , aa9755e71b73d7df4af55681963c5cce1aebd83bd04cb2213959acc768e82aaf
http://sweetontology.net/stateVisibility           , 9e026e7c29e0050718e85ad89e8891209dcf7079afb72e73f195105d12d58c56
http://sweetontology.net/sweetAll                  , 0b9ddac094a79053ca97cd0de8c64e9ae48f990c1e1d8f088d591eecfdd8488f